n,technique,technique_label,query_type,param,param_unit,status,repetitions,queries_requested,queries_executed,queries_discarded,query_errors,error_samples,avg_query_ms,std_query_ms,median_query_ms,p95_query_ms,avg_result_size,build_time_s,build_time_std_s,base_load_time_s,index_disk_bytes,table_disk_bytes,mem_build_peak_bytes,mem_index_resident_bytes,mem_query_peak_bytes,mem_server_backend_bytes,compared_queries,exact_matches,tolerance_matches,mismatches,accuracy_pct,plan_uses_gist
1000,seq,Búsqueda secuencial,range,1,km,OK,3,300,300,0,0,,4.492653332223806,0.04715860441284234,4.42625000141561,4.8343000235036016,0.29,0.0,0.0,0.11584746666873495,0,32768,N/A,N/A,4907,N/A,100,100,0,0,100.0,N/A
1000,seq,Búsqueda secuencial,range,5,km,OK,3,300,300,0,0,,4.465000331013774,0.0522344825229207,4.42174996715039,4.6236999914981425,6.74,0.0,0.0,0.11584746666873495,0,32768,N/A,N/A,4907,N/A,100,100,0,0,100.0,N/A
1000,seq,Búsqueda secuencial,range,10,km,OK,3,300,300,0,0,,4.488796667234662,0.05141916239951283,4.429950029589236,4.61519998498261,24.64,0.0,0.0,0.11584746666873495,0,32768,N/A,N/A,4907,N/A,100,100,0,0,100.0,N/A
1000,seq,Búsqueda secuencial,knn,10,k,OK,3,300,300,0,0,,4.602641667200563,0.01794406089821102,4.5627999934367836,4.766799975186586,10.0,0.0,0.0,0.11584746666873495,0,32768,N/A,N/A,12183,N/A,100,100,0,0,100.0,N/A
1000,seq,Búsqueda secuencial,knn,50,k,OK,3,300,300,0,0,,4.702285666523191,0.08143808335506254,4.62860002880916,5.288899992592633,50.0,0.0,0.0,0.11584746666873495,0,32768,N/A,N/A,12183,N/A,100,100,0,0,100.0,N/A
1000,seq,Búsqueda secuencial,knn,100,k,OK,3,300,300,0,0,,4.754379001290848,0.05189689482837841,4.702000005636364,4.985500010661781,100.0,0.0,0.0,0.11584746666873495,0,32768,N/A,N/A,12183,N/A,100,100,0,0,100.0,N/A
1000,rtree,R-Tree propio,range,1,km,OK,3,300,300,0,0,,0.7161826673351849,0.0021459621873282752,0.6715499912388623,1.2220999924466014,0.29,2.2077143333347826,0.02974028916399288,0.11584746666873495,57344,32768,268413,215304,75638,N/A,100,100,0,0,100.0,N/A
1000,rtree,R-Tree propio,range,5,km,OK,3,300,300,0,0,,1.2252706673461944,0.028727721899902508,1.256149960681796,1.7109999898821115,6.74,2.2077143333347826,0.02974028916399288,0.11584746666873495,57344,32768,268413,215304,75638,N/A,100,100,0,0,100.0,N/A
1000,rtree,R-Tree propio,range,10,km,OK,3,300,300,0,0,,1.9746500007264938,0.0023808778906502844,2.022749977186322,2.6920000091195107,24.64,2.2077143333347826,0.02974028916399288,0.11584746666873495,57344,32768,268413,215304,75638,N/A,100,100,0,0,100.0,N/A
1000,rtree,R-Tree propio,knn,10,k,OK,3,300,300,0,0,,4.405743667933469,0.004669953554759822,4.453250003280118,5.758100014645606,10.0,2.2077143333347826,0.02974028916399288,0.11584746666873495,57344,32768,268413,215304,158030,N/A,100,100,0,0,100.0,N/A
1000,rtree,R-Tree propio,knn,50,k,OK,3,300,300,0,0,,7.965066668305856,0.04929146986857868,7.676250010263175,12.40100001450628,50.0,2.2077143333347826,0.02974028916399288,0.11584746666873495,57344,32768,268413,215304,158030,N/A,100,100,0,0,100.0,N/A
1000,rtree,R-Tree propio,knn,100,k,OK,3,300,300,0,0,,12.717132333976528,0.023505796533253433,12.881300033768639,15.576499979943037,100.0,2.2077143333347826,0.02974028916399288,0.11584746666873495,57344,32768,268413,215304,158030,N/A,100,100,0,0,100.0,N/A
1000,postgis,PostgreSQL + PostGIS (GiST),range,1,km,OK,3,300,300,0,0,,0.5115556662591795,0.012741944857989436,0.4963999963365495,0.6345000001601875,0.29,0.003147266669354091,0.0003738795434771766,0.03738816666494434,73728,90112,N/A,N/A,N/A,2303904,100,100,0,0,100.0,True
1000,postgis,PostgreSQL + PostGIS (GiST),range,5,km,OK,3,300,300,0,0,,0.49443733354564756,0.009091604799235181,0.47480000648647547,0.6214000168256462,6.74,0.003147266669354091,0.0003738795434771766,0.03738816666494434,73728,90112,N/A,N/A,N/A,2303904,100,100,0,0,100.0,True
1000,postgis,PostgreSQL + PostGIS (GiST),range,10,km,OK,3,300,300,0,0,,0.5230946666173016,0.017689441406087785,0.5150000215508044,0.624600041192025,24.64,0.003147266669354091,0.0003738795434771766,0.03738816666494434,73728,90112,N/A,N/A,N/A,2303904,100,100,0,0,100.0,True
1000,postgis,PostgreSQL + PostGIS (GiST),knn,10,k,OK,3,300,300,0,0,,0.5020526697626337,0.01282764403916915,0.49264999688602984,0.5802999949082732,10.0,0.003147266669354091,0.0003738795434771766,0.03738816666494434,73728,90112,N/A,N/A,N/A,2303904,100,100,0,0,100.0,True
1000,postgis,PostgreSQL + PostGIS (GiST),knn,50,k,OK,3,300,300,0,0,,0.5635396680251384,0.016543449096595584,0.5567500193137676,0.6438000127673149,50.0,0.003147266669354091,0.0003738795434771766,0.03738816666494434,73728,90112,N/A,N/A,N/A,2303904,100,100,0,0,100.0,True
1000,postgis,PostgreSQL + PostGIS (GiST),knn,100,k,OK,3,300,300,0,0,,0.6445806669459367,0.016217250209195625,0.631550035905093,0.7350000087171793,100.0,0.003147266669354091,0.0003738795434771766,0.03738816666494434,73728,90112,N/A,N/A,N/A,2303904,100,100,0,0,100.0,True
10000,seq,Búsqueda secuencial,range,1,km,OK,3,300,300,0,0,,45.05401533582093,0.19183326786529975,44.817800022428855,46.61240003770217,2.42,0.0,0.0,1.3837419999957394,0,303104,N/A,N/A,26539,N/A,100,100,0,0,100.0,N/A
10000,seq,Búsqueda secuencial,range,5,km,OK,3,300,300,0,0,,45.15036633509832,0.11017032203129078,44.81965003651567,47.19930002465844,63.7,0.0,0.0,1.3837419999957394,0,303104,N/A,N/A,26539,N/A,100,100,0,0,100.0,N/A
10000,seq,Búsqueda secuencial,range,10,km,OK,3,300,300,0,0,,45.063759000816695,0.187603897646069,44.84304998186417,46.71090003103018,239.03,0.0,0.0,1.3837419999957394,0,303104,N/A,N/A,26539,N/A,100,100,0,0,100.0,N/A
10000,seq,Búsqueda secuencial,knn,10,k,OK,3,300,300,0,0,,46.11030666700875,0.2180346481374848,45.84335000254214,47.83560003852472,10.0,0.0,0.0,1.3837419999957394,0,303104,N/A,N/A,28087,N/A,100,100,0,0,100.0,N/A
10000,seq,Búsqueda secuencial,knn,50,k,OK,3,300,300,0,0,,46.17768099919582,0.18733722026933616,45.910450018709525,47.7489999611862,50.0,0.0,0.0,1.3837419999957394,0,303104,N/A,N/A,28087,N/A,100,100,0,0,100.0,N/A
10000,seq,Búsqueda secuencial,knn,100,k,OK,3,300,300,0,0,,46.42492800058486,0.16065256533222266,46.18124998523854,48.19910001242533,100.0,0.0,0.0,1.3837419999957394,0,303104,N/A,N/A,28087,N/A,100,100,0,0,100.0,N/A
10000,rtree,R-Tree propio,range,1,km,OK,3,300,300,0,0,,1.364625000860542,0.021431926315564415,1.276850001886487,2.183699980378151,2.42,36.93772933335276,0.08909036446545891,1.3837419999957394,610304,303104,2155858,2087103,127622,N/A,100,100,0,0,100.0,N/A
10000,rtree,R-Tree propio,range,5,km,OK,3,300,300,0,0,,3.558775666169822,0.01950136291098786,3.4379000135231763,5.156900035217404,63.7,36.93772933335276,0.08909036446545891,1.3837419999957394,610304,303104,2155858,2087103,127622,N/A,100,100,0,0,100.0,N/A
10000,rtree,R-Tree propio,range,10,km,OK,3,300,300,0,0,,7.645289665864159,0.01733616520361632,7.683000003453344,10.933300014585257,239.03,36.93772933335276,0.08909036446545891,1.3837419999957394,610304,303104,2155858,2087103,127622,N/A,100,100,0,0,100.0,N/A
10000,rtree,R-Tree propio,knn,10,k,OK,3,300,300,0,0,,4.434134665837822,0.0320922739696618,4.191850021015853,7.308500004000962,10.0,36.93772933335276,0.08909036446545891,1.3837419999957394,610304,303104,2155858,2087103,121222,N/A,100,100,0,0,100.0,N/A
10000,rtree,R-Tree propio,knn,50,k,OK,3,300,300,0,0,,11.441915666606898,0.015833212007267373,11.286449996987358,16.055800020694733,50.0,36.93772933335276,0.08909036446545891,1.3837419999957394,610304,303104,2155858,2087103,121222,N/A,100,100,0,0,100.0,N/A
10000,rtree,R-Tree propio,knn,100,k,OK,3,300,300,0,0,,12.11605799869479,0.022914379335295002,11.909149994608015,16.372699989005923,100.0,36.93772933335276,0.08909036446545891,1.3837419999957394,610304,303104,2155858,2087103,121222,N/A,100,100,0,0,100.0,N/A
10000,postgis,PostgreSQL + PostGIS (GiST),range,1,km,OK,3,300,300,0,0,,0.6281873308277378,0.014721317430539355,0.6044000037945807,0.7376999710686505,2.42,0.022372466647842277,0.0005153708255728195,0.08176476667479922,712704,851968,N/A,N/A,N/A,2326232,100,100,0,0,100.0,True
10000,postgis,PostgreSQL + PostGIS (GiST),range,5,km,OK,3,300,300,0,0,,0.7186593353981152,0.04111060656173237,0.6967500085011125,0.8660000166855752,63.7,0.022372466647842277,0.0005153708255728195,0.08176476667479922,712704,851968,N/A,N/A,N/A,2326232,100,100,0,0,100.0,True
10000,postgis,PostgreSQL + PostGIS (GiST),range,10,km,OK,3,300,300,0,0,,1.0490916677129765,0.05584638955444783,1.0252000065520406,1.2584999785758555,239.03,0.022372466647842277,0.0005153708255728195,0.08176476667479922,712704,851968,N/A,N/A,N/A,2326232,100,100,0,0,100.0,True
10000,postgis,PostgreSQL + PostGIS (GiST),knn,10,k,OK,3,300,300,0,0,,0.551958000093388,0.02780918779020804,0.5437000072561204,0.6639999919570982,10.0,0.022372466647842277,0.0005153708255728195,0.08176476667479922,712704,851968,N/A,N/A,N/A,2326232,100,100,0,0,100.0,True
10000,postgis,PostgreSQL + PostGIS (GiST),knn,50,k,OK,3,300,300,0,0,,0.6218850009220963,0.0028763734697038958,0.6023499881848693,0.7416000007651746,50.0,0.022372466647842277,0.0005153708255728195,0.08176476667479922,712704,851968,N/A,N/A,N/A,2326232,100,100,0,0,100.0,True
10000,postgis,PostgreSQL + PostGIS (GiST),knn,100,k,OK,3,300,300,0,0,,0.7183589978376403,0.02124315927664209,0.7092499872669578,0.8270000107586384,100.0,0.022372466647842277,0.0005153708255728195,0.08176476667479922,712704,851968,N/A,N/A,N/A,2326232,100,100,0,0,100.0,True
100000,seq,Búsqueda secuencial,range,1,km,OK,3,300,300,0,0,,455.40200800072245,5.943096338250097,452.17149998643436,468.47670001443475,25.81,0.0,0.0,40.38120746666876,0,3014656,N/A,N/A,228131,N/A,100,100,0,0,100.0,N/A
100000,seq,Búsqueda secuencial,range,5,km,OK,3,300,300,0,0,,457.0614849999159,5.668486543297294,452.8909500222653,477.86210000049323,617.52,0.0,0.0,40.38120746666876,0,3014656,N/A,N/A,228131,N/A,100,100,0,0,100.0,N/A
100000,seq,Búsqueda secuencial,range,10,km,OK,3,300,300,0,0,,453.6257066672745,3.0231098725655827,452.525099972263,464.3011000007391,2372.67,0.0,0.0,40.38120746666876,0,3014656,N/A,N/A,228131,N/A,100,100,0,0,100.0,N/A
100000,seq,Búsqueda secuencial,knn,10,k,OK,3,300,300,0,0,,464.79408599921345,3.607808473271825,462.4799999874085,474.1037000203505,10.0,0.0,0.0,40.38120746666876,0,3014656,N/A,N/A,180879,N/A,100,100,0,0,100.0,N/A
100000,seq,Búsqueda secuencial,knn,50,k,OK,3,300,300,0,0,,463.82730199644965,2.2569694048843933,463.28744999482296,471.94680001121014,50.0,0.0,0.0,40.38120746666876,0,3014656,N/A,N/A,180879,N/A,100,100,0,0,100.0,N/A
100000,seq,Búsqueda secuencial,knn,100,k,OK,3,300,300,0,0,,467.054625665963,4.528135587171457,464.3004500248935,479.7127000056207,100.0,0.0,0.0,40.38120746666876,0,3014656,N/A,N/A,180879,N/A,100,100,0,0,100.0,N/A
100000,rtree,R-Tree propio,range,1,km,OK,3,300,300,0,0,,4.2465713327207295,0.0736316985131925,3.9641500043217093,7.592600013595074,25.81,448.6035086333286,1.2001362116567662,40.38120746666876,5910528,3014656,26549843,26466333,1300415,N/A,100,100,0,0,100.0,N/A
100000,rtree,R-Tree propio,range,5,km,OK,3,300,300,0,0,,25.23728966732354,0.6729801945702001,24.837099976139143,38.63720002118498,617.52,448.6035086333286,1.2001362116567662,40.38120746666876,5910528,3014656,26549843,26466333,1300415,N/A,100,100,0,0,100.0,N/A
100000,rtree,R-Tree propio,range,10,km,OK,3,300,300,0,0,,70.80151666518456,2.197829682438842,73.75219999812543,93.7382000265643,2372.67,448.6035086333286,1.2001362116567662,40.38120746666876,5910528,3014656,26549843,26466333,1300415,N/A,100,100,0,0,100.0,N/A
100000,rtree,R-Tree propio,knn,10,k,OK,3,300,300,0,0,,4.2757626677242415,0.06507623185944872,4.018149978946894,7.587100029923022,10.0,448.6035086333286,1.2001362116567662,40.38120746666876,5910528,3014656,26549843,26466333,120238,N/A,100,100,0,0,100.0,N/A
100000,rtree,R-Tree propio,knn,50,k,OK,3,300,300,0,0,,12.490731331830224,0.20665185402647324,11.637050018180162,22.78870000736788,50.0,448.6035086333286,1.2001362116567662,40.38120746666876,5910528,3014656,26549843,26466333,120238,N/A,100,100,0,0,100.0,N/A
100000,rtree,R-Tree propio,knn,100,k,OK,3,300,300,0,0,,18.245854001531068,0.3834087101265718,13.550949981436133,36.225799995008856,100.0,448.6035086333286,1.2001362116567662,40.38120746666876,5910528,3014656,26549843,26466333,120238,N/A,100,100,0,0,100.0,N/A
100000,postgis,PostgreSQL + PostGIS (GiST),range,1,km,OK,3,300,300,0,0,,0.8866066673848157,0.02513033354667986,0.7828000234439969,1.4681000029668212,25.81,0.40611486666603014,0.045394240537135054,0.4131176666511844,7348224,8445952,N/A,N/A,N/A,2329720,100,100,0,0,100.0,True
100000,postgis,PostgreSQL + PostGIS (GiST),range,5,km,OK,3,300,300,0,0,,2.112942665310887,0.06047973905621347,1.8782000115606934,3.869400010444224,617.52,0.40611486666603014,0.045394240537135054,0.4131176666511844,7348224,8445952,N/A,N/A,N/A,2329720,100,100,0,0,100.0,True
100000,postgis,PostgreSQL + PostGIS (GiST),range,10,km,OK,3,300,300,0,0,,4.480895334272645,0.022315195031665527,4.148349980823696,6.856800056993961,2372.67,0.40611486666603014,0.045394240537135054,0.4131176666511844,7348224,8445952,N/A,N/A,N/A,2329720,100,100,0,0,100.0,True
100000,postgis,PostgreSQL + PostGIS (GiST),knn,10,k,OK,3,300,300,0,0,,0.6699636665871367,0.017714660747879123,0.6147999956738204,1.004900026600808,10.0,0.40611486666603014,0.045394240537135054,0.4131176666511844,7348224,8445952,N/A,N/A,N/A,2329720,100,100,0,0,100.0,True
100000,postgis,PostgreSQL + PostGIS (GiST),knn,50,k,OK,3,300,300,0,0,,0.853197667747736,0.0011744910837023334,0.7680999988224357,1.408600015565753,50.0,0.40611486666603014,0.045394240537135054,0.4131176666511844,7348224,8445952,N/A,N/A,N/A,2329720,100,100,0,0,100.0,True
100000,postgis,PostgreSQL + PostGIS (GiST),knn,100,k,OK,3,300,300,0,0,,1.0246103315148503,0.030252997429753993,0.9033000096678734,1.7403000383637846,100.0,0.40611486666603014,0.045394240537135054,0.4131176666511844,7348224,8445952,N/A,N/A,N/A,2329720,100,100,0,0,100.0,True
