engine,n,query_type,param,num_queries,repetitions,avg_time_ms,min_time_ms,max_time_ms,avg_server_time_ms,total_rows_returned,index_build_time_s,index_space_bytes,used_index
minidbms,1000,radius,r=0.005,20,3,4.283796662154296,3.6308333122481904,7.04760003524522,,7,3.772017000010237,65536,True
minidbms,1000,knn,k=10,20,3,9.348105014457058,4.916099986682336,19.17450005809466,,200,3.772017000010237,65536,True
minidbms,1000,intersects,side=0.02,20,3,4.881528307062885,3.8862666891266904,7.128966661791007,,48,3.772017000010237,65536,True
minidbms,10000,radius,r=0.005,20,3,4.346438338203976,3.7690334332485995,5.677500118811925,,83,62.44620359991677,589824,True
minidbms,10000,knn,k=10,20,3,5.626044988942644,4.19576660109063,9.912333295991024,,200,62.44620359991677,589824,True
minidbms,10000,intersects,side=0.02,20,3,5.725118323850134,4.434800008311868,8.557766675949097,,432,62.44620359991677,589824,True
minidbms,100000,radius,r=0.005,20,3,25.25261998331795,13.786800050487122,58.00506666613122,,780,917.7138152001426,5947392,True
minidbms,100000,knn,k=10,20,3,49.548141669947654,23.498766745130222,93.50249993925293,,200,917.7138152001426,5947392,True
minidbms,100000,intersects,side=0.02,20,3,40.27137000036116,28.292299946770072,75.02806660098334,,3973,917.7138152001426,5947392,True
